Enabled;Field No.;Field Name;Caption;Data Type;Length;Description;Field Class;Option String
Yes;1;No.;N°;Code;20;;Normal;
Yes;2;No. 2;N° 2;Code;20;;Normal;
Yes;3;Description;Désignation;Text;100;;Normal;
Yes;4;Search Description;Désignation de recherche;Code;100;;Normal;
Yes;5;Description 2;Désignation 2;Text;50;;Normal;
Yes;6;Assembly BOM;Nomenclature d'élément d'assemblage;Boolean;;;FlowField;
Yes;8;Base Unit of Measure;Unité de base;Code;10;;Normal;
Yes;9;Price Unit Conversion;Conversion unité de prix;Integer;;;Normal;
Yes;10;Type;Type;Option;;;Normal;Inventory,Service,Non-Inventory
Yes;11;Inventory Posting Group;Groupe compta. stock;Code;20;;Normal;
Yes;12;Shelf No.;N° emplacement;Code;10;;Normal;
Yes;14;Item Disc. Group;Groupe rem. article;Code;20;;Normal;
Yes;15;Allow Invoice Disc.;Remise facture autorisée;Boolean;;;Normal;
Yes;16;Statistics Group;Groupe statistiques;Integer;;;Normal;
Yes;17;Commission Group;Groupe commissions;Integer;;;Normal;
Yes;18;Unit Price;Prix unitaire;Decimal;;;Normal;
Yes;19;Price/Profit Calculation;Calcul prix ou marge;Option;;;Normal;Profit=Price-Cost,Price=Cost+Profit,No Relationship
Yes;20;Profit %;% marge réel;Decimal;;;Normal;
Yes;21;Costing Method;Mode évaluation stock;Option;;;Normal;FIFO,LIFO,Specific,Average,Standard
Yes;22;Unit Cost;Coût unitaire;Decimal;;;Normal;
Yes;24;Standard Cost;Coût standard;Decimal;;;Normal;
Yes;25;Last Direct Cost;Dernier coût direct;Decimal;;;Normal;
Yes;28;Indirect Cost %;% coût indirect;Decimal;;;Normal;
Yes;29;Cost is Adjusted;Coût ajusté;Boolean;;;Normal;
Yes;30;Allow Online Adjustment;Autoriser l'ajustement en ligne;Boolean;;;Normal;
Yes;31;Vendor No.;N° fournisseur;Code;20;;Normal;
Yes;32;Vendor Item No.;Référence fournisseur;Text;20;;Normal;
Yes;33;Lead Time Calculation;Délai de réappro.;DateFormula;;;Normal;
Yes;34;Reorder Point;Point de commande;Decimal;;;Normal;
Yes;35;Maximum Inventory;Stock maximum;Decimal;;;Normal;
Yes;36;Reorder Quantity;Quantité de réappro.;Decimal;;;Normal;
Yes;37;Alternative Item No.;Référence de remplacement;Code;20;;Normal;
Yes;38;Unit List Price;Prix unitaire catalogue;Decimal;;;Normal;
Yes;39;Duty Due %;Droits de douane (%);Decimal;;;Normal;
Yes;40;Duty Code;Code taxe;Code;10;;Normal;
Yes;41;Gross Weight;Poids brut;Decimal;;;Normal;
Yes;42;Net Weight;Poids net;Decimal;;;Normal;
Yes;43;Units per Parcel;Conditionnement;Decimal;;;Normal;
Yes;44;Unit Volume;Volume unitaire;Decimal;;;Normal;
Yes;45;Durability;Durabilité;Code;10;;Normal;
Yes;46;Freight Type;Type fret;Code;10;;Normal;
Yes;47;Tariff No.;Nomenclature produits;Code;20;;Normal;
Yes;48;Duty Unit Conversion;Unité de conversion douanière;Decimal;;;Normal;
Yes;49;Country/Region Purchased Code;Code pays/région achat;Code;10;;Normal;
Yes;50;Budget Quantity;Quantité budgétée;Decimal;;;Normal;
Yes;51;Budgeted Amount;Montant budgété;Decimal;;;Normal;
Yes;52;Budget Profit;Marge budgétée;Decimal;;;Normal;
Yes;53;Comment;Commentaires;Boolean;;;FlowField;
Yes;54;Blocked;Bloqué;Boolean;;;Normal;
Yes;55;Cost is Posted to G/L;Le coût est validé en comptabilité;Boolean;;;FlowField;
Yes;56;Block Reason;Motif du blocage;Text;250;;Normal;
Yes;61;Last DateTime Modified;Date-heure dernière modification;DateTime;;;Normal;
Yes;62;Last Date Modified;Date dern. modification;Date;;;Normal;
Yes;63;Last Time Modified;Heure dern. modification;Time;;;Normal;
Yes;64;Date Filter;Filtre date;Date;;;FlowFilter;
Yes;65;Global Dimension 1 Filter;Filtre axe principal 1;Code;20;;FlowFilter;
Yes;66;Global Dimension 2 Filter;Filtre axe principal 2;Code;20;;FlowFilter;
Yes;67;Location Filter;Filtre magasin;Code;10;;FlowFilter;
Yes;68;Inventory;Stocks;Decimal;;;FlowField;
Yes;69;Net Invoiced Qty.;Solde quantités facturées;Decimal;;;FlowField;
Yes;70;Net Change;Solde période;Decimal;;;FlowField;
Yes;71;Purchases (Qty.);Achats (qté);Decimal;;;FlowField;
Yes;72;Sales (Qty.);Ventes (qté);Decimal;;;FlowField;
Yes;73;Positive Adjmt. (Qty.);Ajust. positif (qté);Decimal;;;FlowField;
Yes;74;Negative Adjmt. (Qty.);Ajust. négatif (qté);Decimal;;;FlowField;
Yes;77;Purchases (LCY);Achats DS;Decimal;;;FlowField;
Yes;78;Sales (LCY);Ventes DS;Decimal;;;FlowField;
Yes;79;Positive Adjmt. (LCY);Ajust. positif DS;Decimal;;;FlowField;
Yes;80;Negative Adjmt. (LCY);Ajust. négatif DS;Decimal;;;FlowField;
Yes;83;COGS (LCY);Val. sortie stock DS;Decimal;;;FlowField;
Yes;84;Qty. on Purch. Order;Qté sur commande achat;Decimal;;;FlowField;
Yes;85;Qty. on Sales Order;Qté sur commande vente;Decimal;;;FlowField;
Yes;87;Price Includes VAT;Prix TTC;Boolean;;;Normal;
Yes;89;Drop Shipment Filter;Filtre livraison directe;Boolean;;;FlowFilter;
Yes;90;VAT Bus. Posting Gr. (Price);Gpe compta. marché TVA (prix);Code;20;;Normal;
Yes;91;Gen. Prod. Posting Group;Groupe compta. produit;Code;20;;Normal;
Yes;92;Picture;Image;MediaSet;;;Normal;
Yes;93;Transferred (Qty.);Quantité transférée;Decimal;;;FlowField;
Yes;94;Transferred (LCY);Montant transféré DS;Decimal;;;FlowField;
Yes;95;Country/Region of Origin Code;Code pays/région origine;Code;10;;Normal;
Yes;96;Automatic Ext. Texts;Textes étendus automatiques;Boolean;;;Normal;
Yes;97;No. Series;Souches de n°;Code;20;;Normal;
Yes;98;Tax Group Code;Code groupe taxes;Code;20;;Normal;
Yes;99;VAT Prod. Posting Group;Groupe compta. produit TVA;Code;20;;Normal;
Yes;100;Reserve;Réserver;Option;;;Normal;Never,Optional,Always
Yes;101;Reserved Qty. on Inventory;Quantité réservée sur stock;Decimal;;;FlowField;
Yes;102;Reserved Qty. on Purch. Orders;Quantité réservée cdes achat;Decimal;;;FlowField;
Yes;103;Reserved Qty. on Sales Orders;Quantité réservée cdes vente;Decimal;;;FlowField;
Yes;105;Global Dimension 1 Code;Code axe principal 1;Code;20;;Normal;
Yes;106;Global Dimension 2 Code;Code axe principal 2;Code;20;;Normal;
Yes;107;Res. Qty. on Outbound Transfer;Qté rés. désenlogt transfert;Decimal;;;FlowField;
Yes;108;Res. Qty. on Inbound Transfer;Qté rés. enlogt transfert;Decimal;;;FlowField;
Yes;109;Res. Qty. on Sales Returns;Res. Qty. on Sales Returns;Decimal;;;FlowField;
Yes;110;Res. Qty. on Purch. Returns;Res. Qty. on Purch. Returns;Decimal;;;FlowField;
Yes;120;Stockout Warning;Alerte rupture stock;Option;;;Normal;Default,No,Yes
Yes;121;Prevent Negative Inventory;Éviter stock négatif;Option;;;Normal;Default,No,Yes
Yes;200;Cost of Open Production Orders;Coût des O.F. ouverts;Decimal;;;FlowField;
Yes;521;Application Wksh. User ID;Code utilisateur de la feuille lettrage;Code;128;;Normal;
Yes;910;Assembly Policy;Stratégie d'assemblage;Option;;;Normal;Assemble-to-Stock,Assemble-to-Order
Yes;929;Res. Qty. on Assembly Order;Qté rés. sur ordre d'assemblage;Decimal;;;FlowField;
Yes;930;Res. Qty. on  Asm. Comp.;Qté rés. sur composant d'assemblage;Decimal;;;FlowField;
Yes;977;Qty. on Assembly Order;Qté sur ordre d'assemblage;Decimal;;;FlowField;
Yes;978;Qty. on Asm. Component;Qté sur composant d'assemblage;Decimal;;;FlowField;
Yes;1001;Qty. on Job Order;Qté sur ordre de travail;Decimal;;;FlowField;
Yes;1002;Res. Qty. on Job Order;Qté rés. sur ordre de travail;Decimal;;;FlowField;
Yes;1217;GTIN;GTIN;Code;14;;Normal;
Yes;1700;Default Deferral Template Code;Code modèle échelonnement par défaut;Code;10;;Normal;
Yes;5400;Low-Level Code;Code plus bas niveau;Integer;;;Normal;
Yes;5401;Lot Size;Taille lot;Decimal;;;Normal;
Yes;5402;Serial Nos.;N° de série;Code;20;;Normal;
Yes;5403;Last Unit Cost Calc. Date;Date dern. calcul coût unitaire;Date;;;Normal;
Yes;5404;Rolled-up Material Cost;Coût matière multi-niveau;Decimal;;;Normal;
Yes;5405;Rolled-up Capacity Cost;Coût opératoire multi-niveau;Decimal;;;Normal;
Yes;5407;Scrap %;% perte;Decimal;;;Normal;
Yes;5409;Inventory Value Zero;Exclure évaluation stock;Boolean;;;Normal;
Yes;5410;Discrete Order Quantity;Quantité commande discrète;Integer;;;Normal;
Yes;5411;Minimum Order Quantity;Qté minimum commande;Decimal;;;Normal;
Yes;5412;Maximum Order Quantity;Qté maximum commande;Decimal;;;Normal;
Yes;5413;Safety Stock Quantity;Stock de sécurité;Decimal;;;Normal;
Yes;5414;Order Multiple;Commandé par;Decimal;;;Normal;
Yes;5415;Safety Lead Time;Délai de sécurité;DateFormula;;;Normal;
Yes;5417;Flushing Method;Méthode consommation;Option;;;Normal;Manual,Forward,Backward,Pick + Forward,Pick + Backward
Yes;5419;Replenishment System;Système réappro.;Option;;;Normal;Purchase,Prod. Order,,Assembly
Yes;5420;Scheduled Receipt (Qty.);Réception planifiée (qté);Decimal;;;FlowField;
Yes;5421;Scheduled Need (Qty.);Besoin planifié (qté);Decimal;;;FlowField;
Yes;5422;Rounding Precision;Précision arrondi;Decimal;;;Normal;
Yes;5423;Bin Filter;Filtre emplacement;Code;20;;FlowFilter;
Yes;5424;Variant Filter;Filtre variante;Code;10;;FlowFilter;
Yes;5425;Sales Unit of Measure;Unité de vente;Code;10;;Normal;
Yes;5426;Purch. Unit of Measure;Unité d'achat;Code;10;;Normal;
Yes;5428;Time Bucket;Intervalle de planification;DateFormula;;;Normal;
Yes;5429;Reserved Qty. on Prod. Order;Qté réservée sur O.F.;Decimal;;;FlowField;
Yes;5430;Res. Qty. on Prod. Order Comp.;Qté rés. sur comp. O.F.;Decimal;;;FlowField;
Yes;5431;Res. Qty. on Req. Line;Qté rés. sur dem. achat;Decimal;;;FlowField;
Yes;5440;Reordering Policy;Méthode réapprovisionnement;Option;;;Normal; ,Fixed Reorder Qty.,Maximum Qty.,Order,Lot-for-Lot
Yes;5441;Include Inventory;Inclure stock;Boolean;;;Normal;
Yes;5442;Manufacturing Policy;Mode de lancement;Option;;;Normal;Make-to-Stock,Make-to-Order
Yes;5443;Rescheduling Period;Période de replanification;DateFormula;;;Normal;
Yes;5444;Lot Accumulation Period;Période de groupement de lots;DateFormula;;;Normal;
Yes;5445;Dampener Period;Période tampon;DateFormula;;;Normal;
Yes;5446;Dampener Quantity;Quantité tampon;Decimal;;;Normal;
Yes;5447;Overflow Level;Niveau de dépassement de capacité;Decimal;;;Normal;
Yes;5449;Planning Transfer Ship. (Qty).;Planning Transfer Ship. (Qty).;Decimal;;;FlowField;
Yes;5450;Planning Worksheet (Qty.);Planning Worksheet (Qty.);Decimal;;;FlowField;
Yes;5700;Stockkeeping Unit Exists;Point de stock;Boolean;;;FlowField;
Yes;5701;Manufacturer Code;Code fabricant;Code;10;;Normal;
Yes;5702;Item Category Code;Code catégorie article;Code;20;;Normal;
Yes;5703;Created From Nonstock Item;Lien article non stocké;Boolean;;;Normal;
Yes;5704;Product Group Code;Code groupe produits;Code;10;;Normal;
Yes;5706;Substitutes Exist;Article de substitution;Boolean;;;FlowField;
Yes;5707;Qty. in Transit;Qté en transit;Decimal;;;FlowField;
Yes;5708;Trans. Ord. Receipt (Qty.);Réception transfert (qté);Decimal;;;FlowField;
Yes;5709;Trans. Ord. Shipment (Qty.);Expédition transfert (qté);Decimal;;;FlowField;
Yes;5776;Qty. Assigned to ship;Qté affectée à expédier;Decimal;;;FlowField;
Yes;5777;Qty. Picked;Qté prélevée;Decimal;;;FlowField;
Yes;5900;Service Item Group;Gpe articles de service;Code;10;;Normal;
Yes;5901;Qty. on Service Order;Qté sur commande service;Decimal;;;FlowField;
Yes;5902;Res. Qty. on Service Orders;Qté rés. sur commande service;Decimal;;;FlowField;
Yes;6500;Item Tracking Code;Code traçabilité;Code;10;;Normal;
Yes;6501;Lot Nos.;N° lot;Code;20;;Normal;
Yes;6502;Expiration Calculation;Calcul péremption;DateFormula;;;Normal;
Yes;6503;Lot No. Filter;Filtre n° lot;Code;50;;FlowFilter;
Yes;6504;Serial No. Filter;Filtre n° de série;Code;50;;FlowFilter;
Yes;6650;Qty. on Purch. Return;Qty. on Purch. Return;Decimal;;;FlowField;
Yes;6660;Qty. on Sales Return;Qty. on Sales Return;Decimal;;;FlowField;
Yes;7171;No. of Substitutes;Nbre de substituts;Integer;;;FlowField;
Yes;7300;Warehouse Class Code;Code classe entrepôt;Code;10;;Normal;
Yes;7301;Special Equipment Code;Code équipement spécial;Code;10;;Normal;
Yes;7302;Put-away Template Code;Code modèle rangement;Code;10;;Normal;
Yes;7307;Put-away Unit of Measure Code;Code unité rangement;Code;10;;Normal;
Yes;7380;Phys Invt Counting Period Code;Code période inventaire stock;Code;10;;Normal;
Yes;7381;Last Counting Period Update;Dern. MAJ période d'inventaire;Date;;;Normal;
Yes;7383;Last Phys. Invt. Date;Date dern. inventaire;Date;;;FlowField;
Yes;7384;Use Cross-Docking;Utiliser transbordement;Boolean;;;Normal;
Yes;7385;Next Counting Start Date;Proch. date début d'inventaire;Date;;;Normal;
Yes;7386;Next Counting End Date;Proch. date fin d'inventaire;Date;;;Normal;
Yes;7700;Identifier Code;Code identifiant;Code;20;;FlowField;
Yes;8000;Id;Id;GUID;;;Normal;
Yes;8001;Unit of Measure Id;ID unité de mesure;GUID;;;Normal;
Yes;8002;Tax Group Id;ID Groupe taxes;GUID;;;Normal;
Yes;8003;Sales Blocked;Vente bloquée;Boolean;;;Normal;
Yes;8004;Purchasing Blocked;Achat bloqué;Boolean;;;Normal;
Yes;8005;Item Category Id;ID catégorie article;GUID;;;Normal;
Yes;50000;Stock Consolidé;Stock Consolidé;Boolean;;;Normal;
Yes;50001;Replaced Ref;Reference Remplacé;Code;20;;Normal;
Yes;50002;Replaced By;Remplacé par;Code;20;;Normal;
Yes;50003;Creation Date;Date de Création;Date;;;Normal;
Yes;50004;Published Cost;Coût publié;Decimal;;;Normal;
Yes;50005;Published Cost Currency Code;<Published Cost Currency Code>;Code;10;;Normal;
Yes;50006;Sales Profit group;Groupe profit vente;Code;20;;Normal;
Yes;50007;Version No;Num. version;Code;20;;Normal;
Yes;50008;Vehicle Type;Type de véhicule;Code;20;;Normal;
Yes;50009;Type mine;Type mine;Code;20;;Normal;
Yes;50010;Published Cost (LCY);Coût publié DS;Decimal;;;Normal;
Yes;50011;Replacement done By user;Remplacement fait par l'utilisateur;Code;50;;Normal;
Yes;50012;Status;Statut;Option;;;Normal;Waiting,Validated
Yes;50013;Marge Theorique;% marge sur vente;Decimal;;;Normal;
Yes;50014;Non Stock item ref;Ref. article non stocké;Code;20;;Normal;
Yes;50015;Allow Line Disc.;Autoriser remise ligne;Boolean;;;Normal;
Yes;50016;Qty. SO to ship;Qté CV à livrer;Decimal;;;FlowField;
Yes;50017;Qty. EDMS Srv Or to consume;Qtie Orde de serv. EDMS à consommer;Decimal;;;FlowField;
Yes;50018;Equipementier;<Equipementier>;Text;50;;Normal;
Yes;50019;Next Counting Period;Proch. période d'inventaire;Text;250;;Normal;
Yes;50020;Commission %;<Commission %>;Decimal;;DELTA MHR 01-12-2016;Normal;
Yes;50025;Old Purchase Price;Ancien prix d'achat;Decimal;;DELTA  AKH 30-12-2016;Normal;
Yes;50026;Last Currency Code;Dernier code devise;Code;20;DELTA  AKH 30-12-2016;Normal;
Yes;50027;Old Purchase Price (LCY);Ancien prix d'achat DS;Decimal;;DELTA  AKH 30-12-2016;Normal;
Yes;50028;Current Purchase Price;Prix d'achat actuel;Decimal;;DELTA  AKH 30-12-2016;Normal;
Yes;50029;Current Purchase Price (LCY);Prix d'achat actuel DS;Decimal;;DELTA  AKH 30-12-2016;Normal;
Yes;50030;Scan BC;A scanner CB;Boolean;;DELTA  MSI 20-07-2017;Normal;
Yes;50031;CB Exist;Code à barre Existe;Boolean;;DELTA MSI 03-01-2018;FlowField;
Yes;50032;Delai de livraison;<Delai de livraison>;Text;80;DELTA 09-01-2018;Normal;
Yes;50033;Popular Version;<Popular Version>;Boolean;;DELTA SD 16-05-2018;Normal;
Yes;50034;Available Inventory;Stock disponible;Decimal;;;FlowField;
Yes;50080;Ancien prix de vente;<Ancien prix de vente>;Decimal;;;Normal;
Yes;50081;Version commercialisée;<Version commercialisée>;Boolean;;;Normal;
Yes;50082;Visible sur portail;<Visible sur portail>;Boolean;;;Normal;
Yes;50083;Consolidated Inventory;Stocks;Decimal;;;FlowField;
Yes;50084;Company Name Filter;<Company Name Filter>;Code;30;;FlowFilter;
Yes;50085;Painting Item;Article de peinture;Boolean;;;Normal;
Yes;50086;Linked To Own Option;Lié à option propriétaire;Boolean;;;Normal;
Yes;25006370;Make Code;Code marque;Code;20;Only for Vehicle Trade;Normal;
Yes;25006371;Model Code;<Model Code>;Code;20;Only for Vehicle Trade;Normal;
Yes;25006670;Item Type;<Item Type>;Option;;;Normal; ,Item,Model Version
Yes;25006671;Replacement Status;<Replacement Status>;Option;;;Normal; ,Replaced
Yes;25006673;Replacements Exist;<Replacements Exist>;Boolean;;P15;FlowField;
Yes;25006676;Qty. on Service Order EDMS;<Qty. on Service Order EDMS>;Decimal;;;FlowField;
Yes;25006678;Res. Qty. on Serv. Orders EDMS;<Res. Qty. on Serv. Orders EDMS>;Decimal;;;FlowField;
Yes;25006680;Seasonal Factor Code;<Seasonal Factor Code>;Code;10;;Normal;
Yes;25006690;Exchange Unit;<Exchange Unit>;Boolean;;;Normal;
Yes;25006750;Returnable;<Returnable>;Boolean;;;Normal;
Yes;25006760;Discontinued;<Discontinued>;Boolean;;;FlowField;
Yes;25006770;ABC Category;<ABC Category>;Option;;;Normal; ,A,B,C
Yes;25006771;Sales Entries;<Sales Entries>;Integer;;;FlowField;
Yes;25006772;Sales Return Entries;<Sales Return Entries>;Integer;;;FlowField;
Yes;25006773;Nonstock Entry No.;<Nonstock Entry No.>;Code;20;;FlowField;
Yes;25006900;Item Price Group Code;<Item Price Group Code>;Code;10;;Normal;
Yes;99000750;Routing No.;N° gamme;Code;20;;Normal;
Yes;99000751;Production BOM No.;N° nomenclature production;Code;20;;Normal;
Yes;99000752;Single-Level Material Cost;Coût matière mono-niveau;Decimal;;;Normal;
Yes;99000753;Single-Level Capacity Cost;Coût opératoire mono-niveau;Decimal;;;Normal;
Yes;99000754;Single-Level Subcontrd. Cost;Coût s/traitance mono-niveau;Decimal;;;Normal;
Yes;99000755;Single-Level Cap. Ovhd Cost;Frais gén. opérat. mono-niv.;Decimal;;;Normal;
Yes;99000756;Single-Level Mfg. Ovhd Cost;Frais gén. matière mono-niv.;Decimal;;;Normal;
Yes;99000757;Overhead Rate;Frais généraux;Decimal;;;Normal;
Yes;99000758;Rolled-up Subcontracted Cost;Coût s/traitance multi-niv.;Decimal;;;Normal;
Yes;99000759;Rolled-up Mfg. Ovhd Cost;Frais gén. matière multi-niv.;Decimal;;;Normal;
Yes;99000760;Rolled-up Cap. Overhead Cost;Frais gén. opérat. multi-niv.;Decimal;;;Normal;
Yes;99000761;Planning Issues (Qty.);Sorties planning (qté);Decimal;;;FlowField;
Yes;99000762;Planning Receipt (Qty.);Réception planning (qté);Decimal;;;FlowField;
Yes;99000765;Planned Order Receipt (Qty.);Réception ordre planifiée (qté);Decimal;;;FlowField;
Yes;99000766;FP Order Receipt (Qty.);Récep. ordre plan. ferme (qté);Decimal;;;FlowField;
Yes;99000767;Rel. Order Receipt (Qty.);Réception ordre lancé (qté);Decimal;;;FlowField;
Yes;99000768;Planning Release (Qty.);Lancement planning (qté);Decimal;;;FlowField;
Yes;99000769;Planned Order Release (Qty.);Lancement ordre planifié (qté);Decimal;;;FlowField;
Yes;99000770;Purch. Req. Receipt (Qty.);Réception dem. achat (qté);Decimal;;;FlowField;
Yes;99000771;Purch. Req. Release (Qty.);Lancement dem. achat (qté);Decimal;;;FlowField;
Yes;99000773;Order Tracking Policy;Chaînage dynamique;Option;;;Normal;None,Tracking Only,Tracking & Action Msg.
Yes;99000774;Prod. Forecast Quantity (Base);Qté prévision prod. (base);Decimal;;;FlowField;
Yes;99000775;Production Forecast Name;Nom prévision production;Code;10;;FlowFilter;
Yes;99000776;Component Forecast;Prévision composant;Boolean;;;FlowFilter;
Yes;99000777;Qty. on Prod. Order;Qté sur ordre fabrication;Decimal;;;FlowField;
Yes;99000778;Qty. on Component Lines;Qté sur lignes composant;Decimal;;;FlowField;
Yes;99000875;Critical;Critique;Boolean;;;Normal;
Yes;99008500;Common Item No.;N° article commun;Code;20;;Normal;
