reference,designation,designation2,searchDescription,categorie,fabricant,prixHt
84701M76M20-5PK,"MIRROR ASSY,OUT REAR VIEW,L","RETROVISEUR D","","CARROSSERIE","SUZUKI",440.033
78773-61M00-000,"LINK,DEFLECTOR ASSY,L,AKK416","LECHEUR DE TOIT ","","CARROSSERIE","SUZUKI",85.655
24402M76M00,"RING, 2ND GEAR SYNC","SYNCHRO 2EME VITESSE ","","MÉCANIQUE","SUZUKI",152.308
76280M55R01-5PK,"TRIM,QUARTER LOWER,LH","GARNITURE AILE AR G","","CARROSSERIE","SUZUKI",555.647
09352M70111-450,"HOSEWTR RSVR TANK CAP","DURITE","","MÉCANIQUE","SUZUKI",8.06
6R0845011,"P/PRISE","PARE BRISE ","P/PRISE","PR","AUTRES",1535.103
64850M55R00,"DOOR, FUEL FILLER","PORTE RESERVOIR","","CARROSSERIE","AUTRES",123.752
35604M77P01,"LAMP ASSY, REAR COMB, L","FEU AR G ","","PR","SUZUKI",254.392
82280-77830-000,"CYLINDER SET,FR DR LATCH,L","MECANISME PORTE AV G","CYLINDER SET,FR DR LATCH,L","CARROSSERIE","SUZUKI",235.874
09262-25138-000,"BEARING(25X52X15)","ROULEMENT","","MÉCANIQUE","AUTRES",161.445